"POT NUMBER","Treatment Type","Line","Pot","Treatment","Tray","Biomass","Fruit Number","Abort Number","Silique Length","Tray","Treatment","Pot","Height (mm)","Leaf #","rosdiam",,,,,,,,
1,"CONTROL","cs60000",1,"control",1,0.22,192,44,12.2,1,"control",1,302,47,7.88,147,33,12.5,,,,,
2,"CONTROL",50488,2,"control",1,".","ng",".",".",1,"control",2,"np",".",".",95,14,12.1,,,,,
3,"CONTROL",126600,3,"control",1,".","ns",".",".",1,"control",3,"np",".",".",,,,,,,,
4,"CONTROL","cs60000",4,"control",1,0.21,135,40,8.4,1,"control",4,322,45,7.23,,,,,,,,
5,"CONTROL",54680,5,"control",1,0.15,146,78,12.1,1,"control",5,399,20,8.08,,,,,,,,
6,"CONTROL",94332,6,"control",1,0.15,160,24,9.7,1,"control",6,395,26,9,179,76,14,481,61,,,
7,"CONTROL",150522,7,"control",1,".","ns",".",".",1,"control",7,"np",".",".",195,55,5.5,21,"high nutrients",420,370,102
8,"CONTROL",134535,8,"control",1,".","ns",".",".",1,"control",8,"np",".",".",,,,,,,,
9,"CONTROL",17933,9,"control",1,0.14,108,15,6.6,1,"control",9,355,37,6.31,,,,,,,,
10,"CONTROL",126600,10,"control",1,0.27,167,34,12.6,1,"control",10,404,43,8.42,,,,,,,,
11,"CONTROL",17933,11,"control",0,0,0,0,0,1,"control",11,"np",".",".",,,,,,,,
12,"CONTROL","ECOTYPE - 22645",12,"control",1,0.04,26,18,9.5,1,"control",12,124,17,3.08,,,,,,,,
13,"CONTROL",50488,13,"control",1,".","ns",".",".",1,"control",13,"np",".",".",,,,,,,,
14,"CONTROL",38957,14,"control",1,0.13,136,68,7.7,1,"control",14,322,69,9.83,,,,,,,,
15,"CONTROL",126600,15,"control",1,".","ns",".",".",1,"control",15,"np",".",".",,,,,,,,
16,"CONTROL",63722,16,"control",1,0.16,144,15,7.4,1,"control",16,368,43,6.31,,,,,,,,
17,"CONTROL",33462,17,"control",1,0.18,94,58,8.1,1,"control",17,244,60,8.76,,,,,,,,
18,"CONTROL",126600,18,"control",1,".","ns",".",".",1,"control",18,"np",".",".",,,,,,,,
19,"CONTROL",50488,19,"control",1,0.16,103,84,10.4,1,"control",19,322,36,8.84,,,,,,,,
20,"CONTROL",94332,20,"control",1,0.14,142,25,12.6,1,"control",20,414,30,8.63,,,,,,,,
21,"CONTROL",134535,21,"control",2,0.01,0,7,"0 n/a",2,"control",21,".",".",".",,,,,,,,
22,"CONTROL",134535,22,"control",2,0.17,125,41,5,2,"control",22,320,34,7.45,,,,,,,,
23,"CONTROL",126600,23,"control",2,0.21,148,34,7.5,2,"control",23,366,26,8.89,,,,,,,,
24,"CONTROL",33462,24,"control",2,".","ns",,,2,"control",24,"np",,".",,,,,,,,
25,"CONTROL",150522,25,"control",2,0.17,134,47,12.2,2,"control",25,309,41,9.67,,,,,,,,
26,"CONTROL","cs60000",26,"control",2,0.18,156,27,7.1,2,"control",26,334,26,7.84,,,,,,,,
27,"CONTROL",150522,27,"control",2,".","ns",".",".",2,"control",27,"np",".",".",,,,,,,,
28,"CONTROL",94332,28,"control",2,".","ng",".",".",2,"control",28,"np-ws",".",".",,,,,,,,
29,"CONTROL",59835,29,"control",2,".","ng",".",".",2,"control",29,"np-bs",".",".",,,,,,,,
30,"CONTROL",42704,30,"control",2,".","ng",".",".",2,"control",30,"np-bs",".",".",,,,,,,,
31,"CONTROL",63722,31,"control",2,".","ng",".",".",2,"control",31,"np-bs",".",".",,,,,,,,
32,"CONTROL",150522,32,"control",2,".","ns",".",".",2,"control",32,"np",".",".",,,,,,,,
33,"CONTROL",33462,33,"control",2,".","ns",".",".",2,"control",33,"np",".",".",,,,,,,,
34,"CONTROL","cs60000",34,"control",2,0.1,101,48,11.3,2,"control",34,234,25,7.01,,,,,,,,
35,"CONTROL",134535,35,"control",2,".","ns",".",".",2,"control",35,"np",".",".",,,,,,,,
36,"CONTROL",33462,36,"control",2,0.12,50,32,8.1,2,"control",36,254,31,8.4,,,,,,,,
37,"CONTROL",150522,37,"control",2,0.13,118,20,7.4,2,"control",37,424,13,8.98,,,,,,,,
38,"CONTROL",42704,38,"control",2,0.26,104,51,8.8,2,"control",38,340,52,9.94,,,,,,,,
39,"CONTROL",50488,39,"control",2,".","ns",".",".",2,"control",39,"np",".",".",,,,,,,,
40,"CONTROL",94332,40,"control",2,".","ng",".",".",2,"control",40,"np-ws",".",".",,,,,,,,
41,"CONTROL",33462,41,"control",2,".","ns",".",".",3,"control",41,"np",".",".",,,,,,,,
42,"CONTROL",38957,42,"control",3,0.12,113,51,13,3,"control",42,355,37,8.57,,,,,,,,
43,"CONTROL",126600,43,"control",3,0.2,153,47,11.5,3,"control",43,376,27,8.46,,,,,,,,
44,"CONTROL",38957,44,"control",3,".","ng",".",".",3,"control",44,"np",".",".",,,,,,,,
45,"CONTROL",59835,45,"control",3,0.07,54,38,10.5,3,"control",45,263,44,7.25,,,,,,,,
46,"CONTROL",54680,46,"control",3,".","ns",".",".",3,"control",46,"np",".",".",,,,,,,,
47,"CONTROL",33462,47,"control",3,".","ns",".",".",3,"control",47,"np",".",".",,,,,,,,
48,"CONTROL",33462,48,"control",3,0.18,106,30,9,3,"control",48,317,40,8.62,,,,,,,,
49,"CONTROL",17933,49,"control",3,".","ns",".",".",3,"control",49,"np",".",".",,,,,,,,
50,"CONTROL","ECOTYPE - 22623",50,"control",3,".","ns",".",".",3,"control",50,"np",".",".",,,,,,,,
51,"CONTROL",59835,51,"control",3,".","ns",".",".",3,"control",51,"np",".",".",,,,,,,,
52,"CONTROL",42704,52,"control",3,0.2,162,66,7,3,"control",52,300,30,10.7,,,,,,,,
53,"CONTROL",94332,53,"control",3,".","ns",".",".",3,"control",53,"np",".",".",,,,,,,,
54,"CONTROL",134535,54,"control",3,".","ns",".",".",3,"control",54,"np",".",".",,,,,,,,
55,"CONTROL",94332,55,"control",3,0.18,39,16,11.5,3,"control",55,303,50,9.64,,,,,,,,
56,"CONTROL",94332,56,"control",3,0.11,113,42,13.5,3,"control",56,348,46,10.4,,,,,,,,
57,"CONTROL",50488,57,"control",3,".","ng",".",".",3,"control",57,"np-ws",".",".",,,,,,,,
58,"CONTROL",63722,58,"control",3,".","ns",".",".",3,"control",58,"np",".",".",,,,,,,,
59,"CONTROL",42704,59,"control",3,0.12,98,14,9,3,"control",59,338,33,8.07,,,,,,,,
60,"CONTROL",54680,60,"control",3,".","ng",".",".",3,"control",60,"np-ws",".",".",,,,,,,,
61,"CONTROL",54680,61,"control",4,0.23,170,29,11.1,4,"control",61,388,46,10.81,,,,,,,,
62,"CONTROL",54680,62,"control",4,0.19,155,26,8.7,4,"control",62,369,37,9.03,,,,,,,,
63,"CONTROL",54680,63,"control",4,0.44,274,31,12,4,"control",63,489,69,14.25,,,,,,,,
64,"CONTROL","ECOTYPE - 1554",64,"control",4,".","ng",".",".",4,"control",64,"np-bs",".",".",,,,,,,,
65,"CONTROL",63722,65,"control",4,0.16,155,30,8.8,4,"control",65,369,35,11.13,,,,,,,,
66,"CONTROL",63722,66,"control",4,0.22,203,161,7.8,4,"control",66,450,47,10.7,,,,,,,,
67,"CONTROL",38957,67,"control",4,".","ng",".",".",4,"control",67,"np-ws",".",".",,,,,,,,
68,"CONTROL",134535,68,"control",4,".","ng",".",".",4,"control",68,"np-ws",".",".",,,,,,,,
69,"CONTROL","ECOTYPE - 22631",69,"control",4,0.21,148,56,12.6,4,"control",69,348,33,9.64,,,,,,,,
70,"CONTROL",63722,70,"control",4,".","ng",".",".",4,"control",70,"np-ys",".",".",,,,,,,,
71,"CONTROL",42704,71,"control",4,0.4,250,78,8.3,4,"control",71,417,62,11.9,,,,,,,,
72,"CONTROL",38957,72,"control",4,".","ns",".",".",4,"control",72,"np",".",".",,,,,,,,
73,"CONTROL","cs60000",73,"control",4,0.25,177,22,9.9,4,"control",73,459,36,11.35,,,,,,,,
74,"CONTROL",54680,74,"control",4,0.1,74,20,8,4,"control",74,328,30,7.83,,,,,,,,
75,"CONTROL",59835,75,"control",4,0.38,216,39,6.3,4,"control",75,370,62,13.37,,,,,,,,
76,"CONTROL",59835,76,"control",4,0.3,172,25,5.7,4,"control",76,449,35,12.49,,,,,,,,
77,"CONTROL",54680,77,"control",4,".","ns",".",".",4,"control",77,"np",".",".",,,,,,,,
78,"CONTROL","ECOTYPE - 22594",78,"control",4,0.48,192,111,14.5,4,"control",78,572,52,14.29,,,,,,,,
79,"CONTROL",150522,79,"control",4,0.14,95,16,12.1,4,"control",79,325,40,6.92,,,,,,,,
80,"CONTROL",94332,80,"control",4,0.2,114,38,10.9,4,"control",80,306,38,5.73,,,,,,,,
81,"CONTROL",126600,81,"control",5,0.12,43,52,9.9,5,"control",81,143,24,4.04,,,,,,,,
82,"CONTROL",17933,82,"control",5,".","ns",".",".",5,"control",82,"np",".",".",,,,,,,,
83,"CONTROL",33462,83,"control",5,0.27,230,46,12.1,5,"control",83,445,32,11.34,,,,,,,,
84,"CONTROL",38957,84,"control",5,0.14,131,26,13,5,"control",84,306,28,6.76,,,,,,,,
85,"CONTROL",134535,85,"control",5,".","ns",".",".",5,"control",85,"np",".",".",,,,,,,,
86,"CONTROL",33462,86,"control",5,".","ns",".",".",5,"control",86,"np",".",".",,,,,,,,
87,"CONTROL","ECOTYPE - 6885",87,"control",5,0.18,155,22,15.1,5,"control",87,398,38,7.56,,,,,,,,
88,"CONTROL","ECOTYPE - 1376",88,"control",5,".","ns",".",".",5,"control",88,"np",".",".",,,,,,,,
89,"CONTROL",33462,89,"control",5,0.16,136,33,6.5,5,"control",89,325,29,7.07,,,,,,,,
90,"CONTROL",50488,90,"control",5,0.21,176,21,7.2,5,"control",90,438,33,8.08,,,,,,,,
91,"CONTROL",63722,91,"control",5,0.21,194,15,8,5,"control",91,415,43,8.49,,,,,,,,
92,"CONTROL",17933,92,"control",5,0.1,106,15,12.9,5,"control",92,350,20,9.33,,,,,,,,
93,"CONTROL",42704,93,"control",5,".","ns",".",".",5,"control",93,"np",".",".",,,,,,,,
94,"CONTROL",54680,94,"control",5,0.12,123,42,7.8,5,"control",94,309,36,7.93,,,,,,,,
95,"CONTROL",42704,95,"control",5,0.06,6,15,10.1,5,"control",95,154,17,7.32,,,,,,,,
96,"CONTROL",150522,96,"control",5,".","ng",".",".",5,"control",96,"np-ws",".",".",,,,,,,,
97,"CONTROL","cs60000",97,"control",5,0.14,130,55,13.7,5,"control",97,336,44,6.92,,,,,,,,
98,"CONTROL",50488,98,"control",5,".","ns",".",".",5,"control",98,"np",".",".",,,,,,,,
99,"CONTROL",94332,99,"control",5,0.17,132,27,8.6,5,"control",99,382,27,7.62,,,,,,,,
100,"CONTROL",134535,100,"control",5,".","ns",".",".",5,"control",100,"np",".",".",,,,,,,,
101,"CONTROL","ECOTYPE - 1376",101,"control",6,0.2,132,37,12,6,"control",101,286,31,7.86,,,,,,,,
102,"CONTROL",38957,102,"control",6,".","ns",".",".",6,"control",102,"np",".",".",,,,,,,,
103,"CONTROL",59835,103,"control",6,0.14,133,7,9.5,6,"control",103,371,21,7.44,,,,,,,,
104,"CONTROL","cs60000",104,"control",6,".","ns",".",".",6,"control",104,"np",".",".",,,,,,,,
105,"CONTROL",59835,105,"control",6,0.1,54,52,8.5,6,"control",105,167,28,2.71,,,,,,,,
106,"CONTROL",59835,106,"control",6,0.1,102,13,9,6,"control",106,368,8,8.3,,,,,,,,
107,"CONTROL",134535,107,"control",6,".","ns",".",".",6,"control",107,"np",".",".",,,,,,,,
108,"CONTROL",38957,108,"control",6,0.12,36,64,10,6,"control",108,111,31,1.33,,,,,,,,
109,"CONTROL",50488,109,"control",6,0.16,137,15,8.5,6,"control",109,316,39,9.28,,,,,,,,
110,"CONTROL",63722,110,"control",6,0.21,167,2,13.5,6,"control",110,262,60,9.9,,,,,,,,
111,"CONTROL",17933,111,"control",6,0.08,102,19,9,6,"control",111,311,10,11.08,,,,,,,,
112,"CONTROL",42704,112,"control",6,0.12,110,13,14,6,"control",112,382,23,9.14,,,,,,,,
113,"CONTROL","cs60000",113,"control",6,".","ns",".",".",6,"control",113,"np",".",".",,,,,,,,
114,"CONTROL",17933,114,"control",6,".","ns",".",".",6,"control",114,"np",".",".",,,,,,,,
115,"CONTROL",54680,115,"control",6,0.16,117,32,8.1,6,"control",115,396,43,9.97,,,,,,,,
116,"CONTROL",63722,116,"control",6,0.12,108,35,8.9,6,"control",116,286,35,8.96,,,,,,,,
117,"CONTROL",59835,117,"control",6,0.11,93,23,13,6,"control",117,249,33,6.75,,,,,,,,
118,"CONTROL",42704,118,"control",6,0.26,152,69,13.4,6,"control",118,338,33,10.65,,,,,,,,
119,"CONTROL",50488,119,"control",6,0.15,127,27,13.6,6,"control",119,338,21,10.02,,,,,,,,
120,"CONTROL","ECOTYPE - 22587",120,"control",6,".","ng",".",".",6,"control",120,"np",".",".",,,,,,,,
121,"CONTROL",94332,121,"control",7,0.05,6,22,10.1,7,"control",121,123,42,9.88,,,,,,,,
122,"CONTROL",126600,122,"control",7,0.09,68,13,12.9,7,"control",122,310,22,8.12,,,,,,,,
123,"CONTROL",126600,123,"control",".",".","ns",".",".",7,"control",123,"np",".",".",,,,,,,,
124,"CONTROL",38957,124,"control",".",".","ng",".",".",7,"control",124,"np-ys",".",".",,,,,,,,
125,"CONTROL",38957,125,"control",".",".","ng",".",".",7,"control",125,"np-ws",".",".",,,,,,,,
126,"CONTROL",150522,126,"control",7,0.16,123,23,7,7,"control",126,401,33,10.64,,,,,,,,
127,"CONTROL",134535,127,"control",".",".","ng",".",".",7,"control",127,"np-ys",".",".",,,,,,,,
128,"CONTROL",17933,128,"control",".",".","ng",".",".",7,"control",128,"np-bs",".",".",,,,,,,,
129,"CONTROL",59835,129,"control",".",".","ng",".",".",7,"control",129,"np-ws",".",".",,,,,,,,
130,"CONTROL","ECOTYPE - 22587",130,"control",".",".","ns",".",".",7,"control",130,"np",".",".",,,,,,,,
131,"CONTROL","cs60000",131,"control",7,0.13,109,33,12.5,7,"control",131,348,36,7.81,,,,,,,,
132,"CONTROL",150522,132,"control",7,0.08,77,10,7.6,7,"control",132,227,26,8.48,,,,,,,,
133,"CONTROL",17933,133,"control",7,0.08,50,10,10.9,7,"control",133,322,25,10.17,,,,,,,,
134,"CONTROL",17933,134,"control",7,0.18,141,40,11.6,7,"control",134,429,37,10.1,,,,,,,,
135,"CONTROL",126600,135,"control",7,0.15,119,20,6.8,7,"control",135,375,34,10.86,,,,,,,,
136,"CONTROL",150522,136,"control",".",".","ns",".",".",7,"control",136,"np",".",".",,,,,,,,
137,"CONTROL","cs60000",137,"control",7,0.07,53,20,14.7,7,"control",137,268,26,4.63,,,,,,,,
138,"CONTROL",63722,138,"control",7,0.12,120,20,7.7,7,"control",138,291,42,8.91,,,,,,,,
139,"CONTROL",50488,139,"control",".",".","ns",".",".",7,"control",139,"np",".",".",,,,,,,,
140,"CONTROL",42704,140,"control",".",".","ns",".",".",7,"control",140,"np",".",".",,,,,,,,
141,"FERTILIZER",54680,141,"highwater",8,0,6,3,10.4,8,"high H2O",141,94,4,1.98,,,,,,,,
142,"FERTILIZER",54680,142,"highwater",8,0.02,18,5,5.3,8,"high H2O",142,183,10,3.19,,,,,,,,
143,"FERTILIZER",150522,143,"highwater",".",".","ng",".",".",8,"high H2O",143,"np-ws",".",".",,,,,,,,
144,"FERTILIZER",50488,144,"highwater",8,0.03,22,5,7.6,8,"high H2O",144,120,11,5.06,,,,,,,,
145,"FERTILIZER",42704,145,"highwater",8,0.01,1,39,"0 n/a",8,"high H2O",145,210,8,2.48,,,,,,,,
146,"FERTILIZER",94332,146,"highwater",8,0.02,23,17,7.5,8,"high H2O",146,199,14,4.71,,,,,,,,
147,"FERTILIZER",134535,147,"highwater",".",".","ns",".",".",8,"high H2O",147,"np",".",".",,,,,,,,
148,"FERTILIZER",94332,148,"highwater",8,0.01,14,8,8.1,8,"high H2O",148,142,6,2.89,,,,,,,,
149,"FERTILIZER",150522,149,"highwater",8,0.12,77,10,12.7,8,"high H2O",149,388,35,5.99,,,,,,,,
150,"FERTILIZER",42704,150,"highwater",8,0.04,9,76,6,8,"high H2O",150,234,14,4.59,,,,,,,,
151,"FERTILIZER","cs60000",151,"highwater",8,0.08,51,7,10.6,8,"high H2O",151,324,25,4.19,,,,,,,,
152,"FERTILIZER",54680,152,"highwater",8,0.01,0,14,"0 n/a",8,"high H2O",152,90,6,2.9,,,,,,,,
153,"FERTILIZER",38957,153,"highwater",".",".","ns",".",".",8,"high H2O",153,"np",".",".",,,,,,,,
154,"FERTILIZER","cs60000",154,"highwater",".",".","ns",".",".",8,"high H2O",154,"np",".",".",,,,,,,,
155,"FERTILIZER","ECOTYPE - 1436",155,"highwater",".",".","ns",".",".",8,"high H2O",155,"np",".",".",,,,,,,,
156,"FERTILIZER",54680,156,"highwater",8,0.03,26,19,11.5,8,"high H2O",156,179,36,6.37,,,,,,,,
157,"FERTILIZER",33462,157,"highwater",".",".","ns",".",".",8,"high H2O",157,"np",".",".",,,,,,,,
158,"FERTILIZER",33462,158,"highwater",".",".","ns",".",".",8,"high H2O",158,"np",".",".",,,,,,,,
159,"FERTILIZER",17933,159,"highwater",".",".","ns",".",".",8,"high H2O",159,"np",".",".",,,,,,,,
160,"FERTILIZER",54680,160,"highwater",8,0.01,4,24,8.9,8,"high H2O",160,174,".",4.01,,,,,,,,
161,"FERTILIZER","ECOTYPE - 22631",161,"highwater",".",".","ns",".",".",9,"high H2O",161,"np",".",".",,,,,,,,
162,"FERTILIZER",150522,162,"highwater",".",".","ng",".",".",9,"high H2O",162,"np-bs",".",".",,,,,,,,
163,"FERTILIZER","cs60000",163,"highwater",".",".","ns",".",".",9,"high H2O",163,"np",".",".",,,,,,,,
164,"FERTILIZER",59835,164,"highwater",9,0.02,28,12,9.7,9,"high H2O",164,254,9,4.28,,,,,,,,
165,"FERTILIZER","ECOTYPE - 1436",165,"highwater",".",".","ns",".",".",9,"high H2O",165,"np",".",".",,,,,,,,
166,"FERTILIZER",17933,166,"highwater",".",".","ns",".",".",9,"high H2O",166,"np",".",".",,,,,,,,
167,"FERTILIZER",59835,167,"highwater",".",".","ns",".",".",9,"high H2O",167,"np",".",".",,,,,,,,
168,"FERTILIZER","ECOTYPE - 22587",168,"highwater",".",".","ns",".",".",9,"high H2O",168,"np",".",".",,,,,,,,
169,"FERTILIZER","ECOTYPE - 22587",169,"highwater",".",".","ns",".",".",9,"high H2O",169,"np",".",".",,,,,,,,
170,"FERTILIZER",126600,170,"highwater",9,0,0,8,"0 n/a",9,"high H2O",170,19,0,0.79,,,,,,,,
171,"FERTILIZER",63722,171,"highwater",9,0.02,16,15,10.1,9,"high H2O",171,129,11,2.64,,,,,,,,
172,"FERTILIZER",42704,172,"highwater",9,0.02,18,9,7.8,9,"high H2O",172,160,13,2.59,,,,,,,,
173,"FERTILIZER",126600,173,"highwater",".",".","ng",".",".",9,"high H2O",173,"np-ys",".",".",,,,,,,,
174,"FERTILIZER",54680,174,"highwater",9,0,1,11,"0 n/a",9,"high H2O",174,65,3,1.16,,,,,,,,
175,"FERTILIZER","cs60000",175,"highwater",9,0.01,11,1,8.3,9,"high H2O",175,129,6,2.8,,,,,,,,
176,"FERTILIZER","ECOTYPE - 22623",176,"highwater",9,0.08,87,12,7.8,9,"high H2O",176,425,18,5.71,,,,,,,,
177,"FERTILIZER",134535,177,"highwater",".",".","ns",".",".",9,"high H2O",177,"np",".",".",,,,,,,,
178,"FERTILIZER",33462,178,"highwater",9,0.01,0,10,"0 n/a",9,"high H2O",178,39,8,5.52,,,,,,,,
179,"FERTILIZER",134535,179,"highwater",".",".","ng",".",".",9,"high H2O",179,"np",".",".",,,,,,,,
180,"FERTILIZER",17933,180,"highwater",9,0.01,10,10,6.5,9,"high H2O",180,148,8,3.23,,,,,,,,
181,"FERTILIZER",94332,181,"highwater",".",".","ns",".",".",10,"high H2O",181,"np",".",".",,,,,,,,
182,"FERTILIZER",59835,182,"highwater",".",".","ns",".",".",10,"high H2O",182,"np",".",".",,,,,,,,
183,"FERTILIZER",63722,183,"highwater",10,0,0,22,"0 n/a",10,"high H2O",183,41,7,1.18,,,,,,,,
184,"FERTILIZER",59835,184,"highwater",10,0.01,1,19,5.1,10,"high H2O",184,132,6,2.45,,,,,,,,
185,"FERTILIZER",126600,185,"highwater",10,0.01,13,8,7.7,10,"high H2O",185,132,6,2.66,,,,,,,,
186,"FERTILIZER",17933,186,"highwater",".",".","ns",".",".",10,"high H2O",186,"np",".",".",,,,,,,,
187,"FERTILIZER",126600,187,"highwater",10,0.01,8,8,6.9,10,"high H2O",187,128,9,3.72,,,,,,,,
188,"FERTILIZER",134535,188,"highwater",".",".","ng",".",".",10,"high H2O",188,"np-bs",".",".",,,,,,,,
189,"FERTILIZER",33462,189,"highwater",10,0.01,11,30,7,10,"high H2O",189,169,5,4.92,,,,,,,,
190,"FERTILIZER",126600,190,"highwater",".",".","ns",".",".",10,"high H2O",190,"np",".",".",,,,,,,,
191,"FERTILIZER",42704,191,"highwater",".",".","ns",".",".",10,"high H2O",191,"np",".",".",,,,,,,,
192,"FERTILIZER",50488,192,"highwater",".",".","ng",".",".",10,"high H2O",192,"np-ws",".",".",,,,,,,,
193,"FERTILIZER",42704,193,"highwater",10,0,0,19,"0 n/a",10,"high H2O",193,40,12,2.17,,,,,,,,
194,"FERTILIZER","ECOTYPE - 1436",194,"highwater",".",".","ng",".",".",10,"high H2O",194,"np-ws",".",".",,,,,,,,
195,"FERTILIZER",17933,195,"highwater",".",".","ng",".",".",10,"high H2O",195,"np-ys",".",".",,,,,,,,
196,"FERTILIZER",126600,196,"highwater",10,0.01,10,4,11,10,"high H2O",196,149,6,4.02,,,,,,,,
197,"FERTILIZER",50488,197,"highwater",".",".","ng",".",".",10,"high H2O",197,"np-ys",".",".",,,,,,,,
198,"FERTILIZER",134535,198,"highwater",".",".","ns",".",".",10,"high H2O",198,"np",".",2.33,,,,,,,,
199,"FERTILIZER","cs60000",199,"highwater",10,0.05,63,7,8,10,"high H2O",199,298,10,5.5,,,,,,,,
200,"FERTILIZER",33462,200,"highwater",10,0.05,0,19,"0 n/a",10,"high H2O",200,28,20,2.28,,,,,,,,
201,"FERTILIZER",126600,201,"highwater",".",".","ns",".",".",11,"high H2O",201,"np",".",".",,,,,,,,
202,"FERTILIZER",63722,202,"highwater",".",".","ng",".",".",11,"high H2O",202,"np",".",".",,,,,,,,
203,"FERTILIZER",50488,203,"highwater",".",".","ns",".",".",11,"high H2O",203,"np",".",".",,,,,,,,
204,"FERTILIZER",59835,204,"highwater",".",".","ns",".",".",11,"high H2O",204,"np",".",".",,,,,,,,
205,"FERTILIZER",94332,205,"highwater",".",".","ns",".",".",11,"high H2O",205,"np",".",".",,,,,,,,
206,"FERTILIZER",42704,206,"highwater",".",".","ns",".",".",11,"high H2O",206,"np",".",".",,,,,,,,
207,"FERTILIZER",134535,207,"highwater",".",".","2 plants",".",".",11,"high H2O",207,"np-gs",".",".",,,,,,,,
208,"FERTILIZER",150522,208,"highwater",11,0.02,17,2,10.7,11,"high H2O",208,174,8,3.24,,,,,,,,
209,"FERTILIZER",63722,209,"highwater",".",".","ns",".",".",11,"high H2O",209,"np",".",".",,,,,,,,
210,"FERTILIZER",150522,210,"highwater",11,0.04,28,43,11.1,11,"high H2O",210,287,6,6.25,,,,,,,,
211,"FERTILIZER",150522,211,"highwater",11,0.03,31,8,7.9,11,"high H2O",211,249,8,6.72,,,,,,,,
212,"FERTILIZER",134535,212,"highwater",".",".","ng",".",".",11,"high H2O",212,"np-gs",".",".",,,,,,,,
213,"FERTILIZER",42704,213,"highwater",11,0,0,15,"0 n/a",11,"high H2O",213,20,15,4.45,,,,,,,,
214,"FERTILIZER",63722,214,"highwater",".",".","ns",".",".",11,"high H2O",214,"np",".",".",,,,,,,,
215,"FERTILIZER",59835,215,"highwater",".",".","ng",".",".",11,"high H2O",215,"np-ws",".",".",,,,,,,,
216,"FERTILIZER","cs60000",216,"highwater",".",".","ns",".",".",11,"high H2O",216,"np",".",".",,,,,,,,
217,"FERTILIZER",150522,217,"highwater",".",".","ng",".",".",11,"high H2O",217,"np-ys",".",".",,,,,,,,
218,"FERTILIZER",150522,218,"highwater",".",".","ns",".",".",11,"high H2O",218,"np",".",".",,,,,,,,
219,"FERTILIZER",126600,219,"highwater",".",".","ns",".",".",11,"high H2O",219,"np",".",".",,,,,,,,
220,"FERTILIZER","cs60000",220,"highwater",".",".","ns",".",".",11,"high H2O",220,"np",".",".",,,,,,,,
221,"FERTILIZER",63722,221,"highwater",12,0.01,0,7,"0 n/a",12,"high H2O",221,53,0,0.77,,,,,,,,
222,"FERTILIZER",33462,222,"highwater",".",".","ns",".",".",12,"high H2O",222,"np",".",".",,,,,,,,
223,"FERTILIZER",134535,223,"highwater",".",".","ns",".",".",12,"high H2O",223,"np",".",".",,,,,,,,
224,"FERTILIZER",54680,224,"highwater",12,0,0,10,0,12,"high H2O",224,21,4,1.47,,,,,,,,
225,"FERTILIZER",63722,225,"highwater",12,0.03,35,20,10.6,12,"high H2O",225,152,32,6.63,,,,,,,,
226,"FERTILIZER",94332,226,"highwater",12,0.01,2,31,5.5,12,"high H2O",226,175,8,3.41,,,,,,,,
227,"FERTILIZER",50488,227,"highwater",".",".","ns",".",".",12,"high H2O",227,"np",".",".",,,,,,,,
228,"FERTILIZER",94332,228,"highwater",".",".","ns",".",".",12,"high H2O",228,"np",".",".",,,,,,,,
229,"FERTILIZER",38957,229,"highwater",".",".","ng",".",".",12,"high H2O",229,"np-bs",".",".",,,,,,,,
230,"FERTILIZER",134535,230,"highwater",".",".","ng",".",".",12,"high H2O",230,"np-bs",".",".",,,,,,,,
231,"FERTILIZER",50488,231,"highwater",12,0,32,18,6.2,12,"high H2O",231,206,19,6.38,,,,,,,,
232,"FERTILIZER",38957,232,"highwater",".",".","ng",".",".",12,"high H2O",232,"np-ws",".",".",,,,,,,,
233,"FERTILIZER",50488,233,"highwater",".",".","ns",".",".",12,"high H2O",233,"np",".",".",,,,,,,,
234,"FERTILIZER",33462,234,"highwater",".",".","ns",".",".",12,"high H2O",234,"np",".",".",,,,,,,,
235,"FERTILIZER",33462,235,"highwater",12,0.01,3,16,7.7,12,"high H2O",235,87,10,3.36,,,,,,,,
236,"FERTILIZER","cs60000",236,"highwater",12,0,0,7,0,12,"high H2O",236,20,9,1.88,,,,,,,,
237,"FERTILIZER","ECOTYPE - 22635",237,"highwater",".",".","ns",".",".",12,"high H2O",237,"np",".",".",,,,,,,,
238,"FERTILIZER",94332,238,"highwater",12,0.01,0,10,"0 n/a",12,"high H2O",238,85,7,4.22,,,,,,,,
239,"FERTILIZER",50488,239,"highwater",".",".","ns",".",".",12,"high H2O",239,"np",".",".",,,,,,,,
240,"FERTILIZER",38957,240,"highwater",12,0,0,8,"0 n/a",12,"high H2O",240,20,1,2.19,,,,,,,,
241,"FERTILIZER","cs60000",241,"highwater",".",".","ns",".",".",13,"high H2O",241,"np",".",".",,,,,,,,
242,"FERTILIZER",17933,242,"highwater",".",".","ns",".",".",13,"high H2O",242,"np",".",".",,,,,,,,
243,"FERTILIZER",59835,243,"highwater",".",".","ns",".",".",13,"high H2O",243,"np",".",".",,,,,,,,
244,"FERTILIZER",50488,244,"highwater",".",".","ng",".",".",13,"high H2O",244,"np",".",".",,,,,,,,
245,"FERTILIZER",17933,245,"highwater",".",".","ns",".",".",13,"high H2O",245,"np",".",".",,,,,,,,
246,"FERTILIZER",59835,246,"highwater",13,0,0,5,"0 n/a",13,"high H2O",246,20,12,3.14,,,,,,,,
247,"FERTILIZER",59835,247,"highwater",13,0.01,0,49,"0 n/a",13,"high H2O",247,67,23,5.58,,,,,,,,
248,"FERTILIZER",42704,248,"highwater",13,0.01,0,20,"0 n/a",13,"high H2O",248,22,12,2.25,,,,,,,,
249,"FERTILIZER",134535,249,"highwater",".",".","ng",".",".",13,"high H2O",249,"np-ys",".",".",,,,,,,,
250,"FERTILIZER",38957,250,"highwater",13,0.01,10,43,10.5,13,"high H2O",250,144,4,5.19,,,,,,,,
251,"FERTILIZER",54680,251,"highwater",".",".","ns",".",".",13,"high H2O",251,"np",".",".",,,,,,,,
252,"FERTILIZER",17933,252,"highwater",13,0.01,6,5,11,13,"high H2O",252,84,4,2.66,,,,,,,,
253,"FERTILIZER",54680,253,"highwater",13,0.01,0,29,"0 n/a",13,"high H2O",253,75,15,7.32,,,,,,,,
254,"FERTILIZER",38957,254,"highwater",".",".","ng",".",".",13,"high H2O",254,"np-bs",".",".",,,,,,,,
255,"FERTILIZER","ECOTYPE - 22623",255,"highwater",".",".","ng",".",".",13,"high H2O",255,"np-bs",".",".",,,,,,,,
256,"FERTILIZER",126600,256,"highwater",".",".","ns",".",".",13,"high H2O",256,"np",".",".",,,,,,,,
257,"FERTILIZER",150522,257,"highwater",".",".","ns",".",".",13,"high H2O",257,"np",".",".",,,,,,,,
258,"FERTILIZER",38957,258,"highwater",".",".","ns",".",".",13,"high H2O",258,"np",".",".",,,,,,,,
259,"FERTILIZER",63722,259,"highwater",13,0.05,55,34,14.8,13,"high H2O",259,210,15,6.42,,,,,,,,
260,"FERTILIZER",50488,260,"highwater",".",".","ng",".",".",13,"high H2O",260,"np",".",".",,,,,,,,
261,"FERTILIZER",94332,261,"highwater",14,0.02,9,40,11.1,14,"high H2O",261,136,7,3.98,,,,,,,,
262,"FERTILIZER",42704,262,"highwater",14,0.03,20,18,7.4,14,"high H2O",262,165,30,5.46,,,,,,,,
263,"FERTILIZER",42704,263,"highwater",".",".","ng",".",".",14,"high H2O",263,"np-ws",".",".",,,,,,,,
264,"FERTILIZER",94332,264,"highwater",14,0,0,4,"0 n/a",14,"high H2O",264,15,0,1,,,,,,,,
265,"FERTILIZER",17933,265,"highwater",".",".","ns",".",".",14,"high H2O",265,"np",".",".",,,,,,,,
266,"FERTILIZER",38957,266,"highwater",14,0.01,1,25,6,14,"high H2O",266,99,9,2.79,,,,,,,,
267,"FERTILIZER",54680,267,"highwater",".",".","ns",".",".",14,"high H2O",267,"np",".",".",,,,,,,,
268,"FERTILIZER",63722,268,"highwater",14,0.04,7,109,9.1,14,"high H2O",268,226,9,5.59,,,,,,,,
269,"FERTILIZER",38957,269,"highwater",".",".","ng",".",".",14,"high H2O",269,"np-ys",".",".",,,,,,,,
270,"FERTILIZER",150522,270,"highwater",".",".","ng",".",".",14,"high H2O",270,"np-bs",".",".",,,,,,,,
271,"FERTILIZER",33462,271,"highwater",".",".","ng",".",".",14,"high H2O",271,"np-bs",".",".",,,,,,,,
272,"FERTILIZER",126600,272,"highwater",".",".","ns",".",".",14,"high H2O",272,"np",".",".",,,,,,,,
273,"FERTILIZER",33462,273,"highwater",14,0.01,4,48,10.3,14,"high H2O",273,183,13,3.82,,,,,,,,
274,"FERTILIZER","ECOTYPE - 6885",274,"highwater",".",".","ng",".",".",14,"high H2O",274,"np-ws",".",".",,,,,,,,
275,"FERTILIZER",17933,275,"highwater",".",".","ns",".",".",14,"high H2O",275,"np",".",".",,,,,,,,
276,"FERTILIZER",94332,276,"highwater",".",".","ns",".",".",14,"high H2O",276,"np",".",".",,,,,,,,
277,"FERTILIZER",59835,277,"highwater",14,0.01,7,4,11.2,14,"high H2O",277,103,4,3,,,,,,,,
278,"FERTILIZER","cs60000",278,"highwater",".",".","ns",".",".",14,"high H2O",278,"np",".",".",,,,,,,,
279,"FERTILIZER",63722,279,"highwater",14,0.02,8,34,10.8,14,"high H2O",279,221,6,3.91,,,,,,,,
280,"FERTILIZER",38957,280,"highwater",".",".","ns",".",".",14,"high H2O",280,"np",".",".",,,,,,,,
281,"HI WATER",59835,281,"nutrient",15,0.24,172,28,5.1,15,"high nutrients",281,223,44,11.56,,,,,,,,
282,"HI WATER",63722,282,"nutrient",15,0.21,139,43,11.7,15,"high nutrients",282,281,83,8.87,,,,,,,,
283,"HI WATER",54680,283,"nutrient",15,0.26,170,54,8.5,15,"high nutrients",283,375,44,9.92,,,,,,,,
284,"HI WATER",33462,284,"nutrient",15,0.25,195,62,11.7,15,"high nutrients",284,419,50,8.12,,,,,,,,
285,"HI WATER",17933,285,"nutrient",15,0.5,318,44,9.7,15,"high nutrients",285,400,63,10.05,,,,,,,,
286,"HI WATER",126600,286,"nutrient",15,0.37,497,172,11.8,15,"high nutrients",286,410,59,8.95,,,,,,,,
287,"HI WATER",33462,287,"nutrient",15,0.32,232,35,10.8,15,"high nutrients",287,395,48,11.03,,,,,,,,
288,"HI WATER",54680,288,"nutrient",15,0.26,234,25,8.9,15,"high nutrients",288,349,46,8,,,,,,,,
289,"HI WATER","cs60000",289,"nutrient",".",".","ng",".",".",15,"high nutrients",289,"np-ws",".",".",,,,,,,,
290,"HI WATER",38957,290,"nutrient",".",".","ns",".",".",15,"high nutrients",290,"np",".",".",,,,,,,,
291,"HI WATER",42704,291,"nutrient",".",".","ns",".",".",15,"high nutrients",291,"np",".",".",,,,,,,,
292,"HI WATER",38957,292,"nutrient",".",".","ng",".",".",15,"high nutrients",292,"np-bs",".",".",,,,,,,,
293,"HI WATER",134535,293,"nutrient",".",".","ng",".",".",15,"high nutrients",293,"np-bs",".",".",,,,,,,,
294,"HI WATER","ECOTYPE - 1376",294,"nutrient",".",".","ns",".",".",15,"high nutrients",294,"np",".",".",,,,,,,,
295,"HI WATER",94332,295,"nutrient",15,0.18,121,41,10.9,15,"high nutrients",295,352,63,8.77,,,,,,,,
296,"HI WATER",33462,296,"nutrient",".",".","ns",".",".",15,"high nutrients",296,"np",".",".",,,,,,,,
297,"HI WATER",59835,297,"nutrient",15,0.31,167,86,13.3,15,"high nutrients",297,375,33,10.22,,,,,,,,
298,"HI WATER",33462,298,"nutrient",15,0.26,150,35,8.4,15,"high nutrients",298,313,34,8.28,,,,,,,,
299,"HI WATER",54680,299,"nutrient",15,0.29,182,48,8.1,15,"high nutrients",299,370,36,9,,,,,,,,
300,"HI WATER",54680,300,"nutrient",".",".","ns",".",".",15,"high nutrients",300,"np",".",".",,,,,,,,
301,"HI WATER",42704,301,"nutrient",".",".","ns",".",".",16,"high nutrients",301,"np",".",".",,,,,,,,
302,"HI WATER",150522,302,"nutrient",16,0.4,204,18,5,16,"high nutrients",302,285,124,12.93,,,,,,,,
303,"HI WATER","ECOTYPE - 22594",303,"nutrient",".",".","ng",".",".",16,"high nutrients",303,"np-ys",".",".",,,,,,,,
304,"HI WATER",38957,304,"nutrient",".",".","ng",".",".",16,"high nutrients",304,"np",".",".",,,,,,,,
305,"HI WATER","ECOTYPE - 22645",305,"nutrient",".",".","ns",".",".",16,"high nutrients",305,"np-bs",".",".",,,,,,,,
306,"HI WATER",38957,306,"nutrient",".",".","ng",".",".",16,"high nutrients",306,"np-bs",".",".",,,,,,,,
307,"HI WATER",63722,307,"nutrient",".",".","ns",".",".",16,"high nutrients",307,"np",".",".",,,,,,,,
308,"HI WATER",126600,308,"nutrient",16,0.65,166,55,8,16,"high nutrients",308,390,53,10.63,,,,,,,,
309,"HI WATER",94332,309,"nutrient",".",".","ns",".",".",16,"high nutrients",309,"np",".",".",,,,,,,,
310,"HI WATER",134535,310,"nutrient",16,0.26,162,29,10,16,"high nutrients",310,330,10,10.04,,,,,,,,
311,"HI WATER",94332,311,"nutrient",".",".","2 plants",".",".",16,"high nutrients",311,310,".",".",,,,,,,,
312,"HI WATER","cs60000",312,"nutrient",".",".","ns",".",".",16,"high nutrients",312,"np",".",".",,,,,,,,
313,"HI WATER",50488,313,"nutrient",".",".","ns",".",".",16,"high nutrients",313,"np",".",".",,,,,,,,
314,"HI WATER",63722,314,"nutrient",".",".","ns",".",".",16,"high nutrients",314,"np-ws",".",".",,,,,,,,
315,"HI WATER",150522,315,"nutrient",16,0.43,161,40,4,16,"high nutrients",315,399,45,5.88,,,,,,,,
316,"HI WATER",17933,316,"nutrient",16,0.43,181,32,10.5,16,"high nutrients",316,266,63,10.96,,,,,,,,
317,"HI WATER",50488,317,"nutrient",".",".","ng",".",".",16,"high nutrients",317,"np-ws",".",".",,,,,,,,
318,"HI WATER",59835,318,"nutrient",16,0.17,100,17,9,16,"high nutrients",318,316,36,8.17,,,,,,,,
319,"HI WATER",17933,319,"nutrient",16,0.57,197,161,12,16,"high nutrients",319,169,153,11.87,,,,,,,,
320,"HI WATER",63722,320,"nutrient",".",".","2 plants",".",".",16,"high nutrients",320,"np-ws",".",".",,,,,,,,
321,"HI WATER",63722,321,"nutrient",17,0.55,223,22,8.5,17,"high nutrients",321,470,".",7.09,,,,,,,,
322,"HI WATER",17933,322,"nutrient",".",".","2 plants",".",".",17,"high nutrients",322,"np-ws",52,".",,,,,,,,
323,"HI WATER",50488,323,"nutrient",".",".","ng",".",".",17,"high nutrients",323,"np-ws",".",".",,,,,,,,
324,"HI WATER",50488,324,"nutrient",17,0.46,192,36,9.5,17,"high nutrients",324,367,204,11.88,,,,,,,,
325,"HI WATER","ECOTYPE - 22623",325,"nutrient",".",".","ng",".",".",17,"high nutrients",325,"np-ys",147,".",,,,,,,,
326,"HI WATER",59835,326,"nutrient",17,0.99,358,20,13.5,17,"high nutrients",326,320,83,14.54,,,,,,,,
327,"HI WATER",94332,327,"nutrient",17,0.79,215,62,13.5,17,"high nutrients",327,287,".",12.11,,,,,,,,
328,"HI WATER",150522,328,"nutrient",17,0.47,165,12,8.5,17,"high nutrients",328,427,33,10.81,,,,,,,,
329,"HI WATER",134535,329,"nutrient",".",".","ng",".",".",17,"high nutrients",329,"np-bs",".",".",,,,,,,,
330,"HI WATER",94332,330,"nutrient",17,0.33,150,1,7,17,"high nutrients",330,406,33,10.29,,,,,,,,
331,"HI WATER",134535,331,"nutrient",".",".","ng",".",".",17,"high nutrients",331,"np-bs",".",".",,,,,,,,
332,"HI WATER",150522,332,"nutrient",".",".","ns",".",".",17,"high nutrients",332,"np",".",".",,,,,,,,
333,"HI WATER",59835,333,"nutrient",17,0.48,134,75,4.5,17,"high nutrients",333,297,116,12.96,,,,,,,,
334,"HI WATER",38957,334,"nutrient",".",".","ns",".",".",17,"high nutrients",334,"np",".",".",,,,,,,,
335,"HI WATER",17933,335,"nutrient",17,0.87,324,20,9,17,"high nutrients",335,339,107,13.12,,,,,,,,
336,"HI WATER",134535,336,"nutrient",".",".","ng",".",".",17,"high nutrients",336,"np-ys",".",".",,,,,,,,
337,"HI WATER","ECOTYPE - 22635",337,"nutrient",".",".","ns",".",".",17,"high nutrients",337,"np",".",".",,,,,,,,
338,"HI WATER","cs60000",338,"nutrient",".",".","ng",".",".",17,"high nutrients",338,"np-ys",".",".",,,,,,,,
339,"HI WATER",94332,339,"nutrient",".",".","ns",".",".",17,"high nutrients",339,"np",".",".",,,,,,,,
340,"HI WATER",50488,340,"nutrient",".",".","ng",".",".",17,"high nutrients",340,"np-ws",".",".",,,,,,,,
341,"HI WATER",94332,341,"nutrient",18,0.58,174,28,12.5,18,"high nutrients",341,416,66,11.78,,,,,,,,
342,"HI WATER",54680,342,"nutrient",".",".","ns",".",".",18,"high nutrients",342,"np",".",".",,,,,,,,
343,"HI WATER",38957,343,"nutrient",".",".","ns",".",".",18,"high nutrients",343,"np",".",".",,,,,,,,
344,"HI WATER",38957,344,"nutrient",".",".","ng",".",".",18,"high nutrients",344,"np-ws",".",".",,,,,,,,
345,"HI WATER",42704,345,"nutrient",".",".","ns",".",".",18,"high nutrients",345,"np",".",".",,,,,,,,
346,"HI WATER",126600,346,"nutrient",18,0.39,100,26,7,18,"high nutrients",346,340,53,7.04,,,,,,,,
347,"HI WATER",94332,347,"nutrient",18,0.48,205,32,3.5,18,"high nutrients",347,430,46,11.52,,,,,,,,
348,"HI WATER",33462,348,"nutrient",18,0.18,118,10,10.5,18,"high nutrients",348,379,27,5.91,,,,,,,,
349,"HI WATER",50488,349,"nutrient",18,0.16,5,64,6.1,18,"high nutrients",349,95,71,4.26,,,,,,,,
350,"HI WATER",150522,350,"nutrient",18,0.59,334,71,5.1,18,"high nutrients",350,382,76,15.18,,,,,,,,
351,"HI WATER",42704,351,"nutrient",18,0.31,113,80,7.2,18,"high nutrients",351,319,58,8.23,,,,,,,,
352,"HI WATER",42704,352,"nutrient",".",".","ng",".",".",18,"high nutrients",352,"np-bs",".",".",,,,,,,,
353,"HI WATER",59835,353,"nutrient",18,0.55,314,59,12.2,18,"high nutrients",353,386,81,11.69,,,,,,,,
354,"HI WATER",150522,354,"nutrient",".",".","ns",".",".",18,"high nutrients",354,"np",".",".",,,,,,,,
355,"HI WATER",42704,355,"nutrient",".",".","ns",".",".",18,"high nutrients",355,"np",".",".",,,,,,,,
356,"HI WATER",50488,356,"nutrient",".",".","ns",".",".",18,"high nutrients",356,"np",".",".",,,,,,,,
357,"HI WATER",94332,357,"nutrient",".",".","ns",".",".",18,"high nutrients",357,"np",".",".",,,,,,,,
358,"HI WATER",150522,358,"nutrient",18,0.5,243,69,7.4,18,"high nutrients",358,412,67,12.45,,,,,,,,
359,"HI WATER",126600,359,"nutrient",18,0.92,498,87,9.2,18,"high nutrients",359,399,117,14.3,,,,,,,,
360,"HI WATER","cs60000",360,"nutrient",".",".","ns",".",".",18,"high nutrients",360,"np",".",".",,,,,,,,
361,"HI WATER",59835,361,"nutrient",".",".","ns",".",".",19,"high nutrients",361,"np",".",".",,,,,,,,
362,"HI WATER","ECOTYPE - 22594",362,"nutrient",".",".","ns",".",".",19,"high nutrients",362,"np-ws",".",".",,,,,,,,
363,"HI WATER",59835,363,"nutrient",19,0.51,327,92,11,19,"high nutrients",363,428,96,13.8,,,,,,,,
364,"HI WATER",33462,364,"nutrient",19,0.36,219,49,8.4,19,"high nutrients",364,425,60,6.96,,,,,,,,
365,"HI WATER",63722,365,"nutrient",19,0.19,139,46,10.7,19,"high nutrients",365,342,55,8.11,,,,,,,,
366,"HI WATER",134535,366,"nutrient",".",".","ng",".",".",19,"high nutrients",366,"np-bs",".",".",,,,,,,,
367,"HI WATER",126600,367,"nutrient",".",".","ns",".",".",19,"high nutrients",367,"np",".",".",,,,,,,,
368,"HI WATER","ECOTYPE - 22631",368,"nutrient",19,0.39,148,106,18.1,19,"high nutrients",368,450,84,8.76,,,,,,,,
369,"HI WATER",63722,369,"nutrient",19,0.36,180,53,5.4,19,"high nutrients",369,420,65,8.55,,,,,,,,
370,"HI WATER","cs60000",370,"nutrient",19,0.25,216,99,12,19,"high nutrients",370,350,57,9.78,,,,,,,,
371,"HI WATER",150522,371,"nutrient",".",".","ns",".",".",19,"high nutrients",371,"np",".",".",,,,,,,,
372,"HI WATER",134535,372,"nutrient",".",".","ns",".",".",19,"high nutrients",372,"np",".",".",,,,,,,,
373,"HI WATER",54680,373,"nutrient",19,0.35,247,140,9.5,19,"high nutrients",373,320,118,9.82,,,,,,,,
374,"HI WATER",17933,374,"nutrient",19,0.23,147,21,5.9,19,"high nutrients",374,339,58,7.83,,,,,,,,
375,"HI WATER",50488,375,"nutrient",19,0.1,90,32,11.5,19,"high nutrients",375,295,41,5.83,,,,,,,,
376,"HI WATER",126600,376,"nutrient",19,0.21,91,67,13.3,19,"high nutrients",376,348,60,9.51,,,,,,,,
377,"HI WATER",134535,377,"nutrient",19,0.42,48,219,9,19,"high nutrients",377,174,150,6.06,,,,,,,,
378,"HI WATER",63722,378,"nutrient",19,0.21,30,59,6,19,"high nutrients",378,245,105,4.41,,,,,,,,
379,"HI WATER",94332,379,"nutrient",".",".","ns",".",".",19,"high nutrients",379,"np",".",".",,,,,,,,
380,"HI WATER",42704,380,"nutrient",".",".","ns",".",".",19,"high nutrients",380,"np",".",".",,,,,,,,
381,"HI WATER",50488,381,"nutrient",".",".","ns",".",".",20,"high nutrients",381,"np",".",".",,,,,,,,
382,"HI WATER",134535,382,"nutrient",".",".","ns",".",".",20,"high nutrients",382,"np",".",".",,,,,,,,
383,"HI WATER","cs60000",383,"nutrient",20,0.41,164,17,12,20,"high nutrients",383,355,54,8.12,,,,,,,,
384,"HI WATER","ECOTYPE - 22635",384,"nutrient",20,0.9,169,161,14.5,20,"high nutrients",384,405,105,15.67,,,,,,,,
385,"HI WATER",59835,385,"nutrient",".",".","ns",".",".",20,"high nutrients",385,"np",".",".",,,,,,,,
386,"HI WATER",126600,386,"nutrient",20,0.48,236,18,7,20,"high nutrients",386,368,56,13.16,,,,,,,,
387,"HI WATER","cs60000",387,"nutrient",20,".","2 plants",".",".",20,"high nutrients",387,".",".",".",,,,,,,,
388,"HI WATER",50488,388,"nutrient",".",".","ns",".",".",20,"high nutrients",388,"np",".",".",,,,,,,,
389,"HI WATER",59835,389,"nutrient",20,0.24,166,15,9.5,20,"high nutrients",389,284,61,7.73,,,,,,,,
390,"HI WATER",33462,390,"nutrient",".",".","ng",".",".",20,"high nutrients",390,"np-ws",".",".",,,,,,,,
391,"HI WATER",42704,391,"nutrient",20,0.66,276,26,10,20,"high nutrients",391,327,56,11.14,,,,,,,,
392,"HI WATER",150522,392,"nutrient",".",".","ns",".",".",20,"high nutrients",392,"np",".",".",,,,,,,,
393,"HI WATER",134535,393,"nutrient",".",".","ng",".",".",20,"high nutrients",393,"np-ws",".",".",,,,,,,,
394,"HI WATER",42704,394,"nutrient",20,0.3,255,34,13,20,"high nutrients",394,346,50,10.29,,,,,,,,
395,"HI WATER",38957,395,"nutrient",".",".","ng",".",".",20,"high nutrients",395,"np-ws",".",".",,,,,,,,
396,"HI WATER",38957,396,"nutrient",20,0.49,160,9,8,20,"high nutrients",396,349,69,9.52,,,,,,,,
397,"HI WATER",126600,397,"nutrient",20,0.21,170,44,11.5,20,"high nutrients",397,319,56,9.18,,,,,,,,
398,"HI WATER",54680,398,"nutrient",20,0.23,192,43,10,20,"high nutrients",398,402,64,9.68,,,,,,,,
399,"HI WATER","ECOTYPE - 1554",399,"nutrient",20,0.14,79,141,11,20,"high nutrients",399,196,48,7.05,,,,,,,,
400,"HI WATER",33462,400,"nutrient",20,0.45,140,24,5,20,"high nutrients",400,350,47,10.02,,,,,,,,
401,"HI WATER","ECOTYPE - 22645",401,"nutrient",21,0.51,232,20,12.5,21,"high nutrients",401,352,60,10.03,,,,,,,,
402,"HI WATER",54680,402,"nutrient",21,0.5,188,26,10,21,"high nutrients",402,299,91,10.09,,,,,,,,
403,"HI WATER",126600,403,"nutrient",".",".","ng",".",".",21,"high nutrients",403,"np-ys",".",".",,,,,,,,
404,"HI WATER",63722,404,"nutrient",21,0.28,74,67,9,21,"high nutrients",404,251,80,8.99,,,,,,,,
405,"HI WATER",54680,405,"nutrient",21,0.35,129,43,10,21,"high nutrients",405,319,75,10.11,,,,,,,,
406,"HI WATER",63722,406,"nutrient",21,0.34,7,15,9,21,"high nutrients",406,122,23,11.8,,,,,,,,
407,"HI WATER","cs60000",407,"nutrient",".",".","ns",".",".",21,"high nutrients",407,"np",".",".",,,,,,,,
408,"HI WATER","cs60000",408,"nutrient",".",".","ng",".",".",21,"high nutrients",408,"np-bs",".",".",,,,,,,,
409,"HI WATER",33462,409,"nutrient",".",".","ns",".",".",21,"high nutrients",409,"np",".",".",,,,,,,,
410,"HI WATER",33462,410,"nutrient",21,0.31,169,14,10,21,"high nutrients",410,388,38,9.39,,,,,,,,
411,"HI WATER",17933,411,"nutrient",21,0.53,171,30,7.5,21,"high nutrients",411,356,68,13.57,,,,,,,,
412,"HI WATER",54680,412,"nutrient",21,0.3,134,16,6.5,21,"high nutrients",412,314,42,9.89,,,,,,,,
413,"HI WATER","cs60000",413,"nutrient",".",".","ng",".",".",21,"high nutrients",413,"np-bs",".",".",,,,,,,,
414,"HI WATER",42704,414,"nutrient",21,0.49,387,76,11,21,"high nutrients",414,401,36,10.04,,,,,,,,
415,"HI WATER",150522,415,"nutrient",".",".","ns",".",".",21,"high nutrients",415,"np",".",".",,,,,,,,
416,"HI WATER",17933,416,"nutrient",21,0.37,191,7,9.5,21,"high nutrients",416,397,45,9.79,,,,,,,,
417,"HI WATER",126600,417,"nutrient",21,0.47,227,16,8.5,21,"high nutrients",417,405,64,11.21,,,,,,,,
418,"HI WATER",17933,418,"nutrient",".",".","ns",".",".",21,"high nutrients",418,"np",".",".",,,,,,,,
419,"HI WATER",17933,419,"nutrient",21,0.69,324,23,13,21,"high nutrients",419,498,63,10.79,,,,,,,,
420,"HI WATER",38957,420,"nutrient",21,".","2 plants",".",".",21,"high nutrients",420,".",".",".",,,,,,,,
